<?xml version="1.0" encoding="UTF-8"?>
<project name="work" default="all">
  
  
  <property file="JSON to HTML converter.properties"/>
  <!-- Uncomment the following property if no tests compilation is needed -->
  <!-- 
  <property name="skip.tests" value="true"/>
   -->
  
  <!-- Compiler options -->
  
  <property name="compiler.debug" value="on"/>
  <property name="compiler.generate.no.warnings" value="off"/>
  <property name="compiler.args" value=""/>
  <property name="compiler.max.memory" value="700m"/>
  <patternset id="ignored.files">
    <exclude name="**/*.hprof/**"/>
    <exclude name="**/*.pyc/**"/>
    <exclude name="**/*.pyo/**"/>
    <exclude name="**/*.rbc/**"/>
    <exclude name="**/*.yarb/**"/>
    <exclude name="**/*~/**"/>
    <exclude name="**/.DS_Store/**"/>
    <exclude name="**/.git/**"/>
    <exclude name="**/.hg/**"/>
    <exclude name="**/.svn/**"/>
    <exclude name="**/CVS/**"/>
    <exclude name="**/__pycache__/**"/>
    <exclude name="**/_svn/**"/>
    <exclude name="**/vssver.scc/**"/>
    <exclude name="**/vssver2.scc/**"/>
  </patternset>
  <patternset id="library.patterns">
    <include name="*.war"/>
    <include name="*.swc"/>
    <include name="*.zip"/>
    <include name="*.egg"/>
    <include name="*.ane"/>
    <include name="*.jar"/>
    <include name="*.ear"/>
    <include name="*.klib"/>
  </patternset>
  <patternset id="compiler.resources">
    <exclude name="**/?*.java"/>
    <exclude name="**/?*.form"/>
    <exclude name="**/?*.class"/>
    <exclude name="**/?*.groovy"/>
    <exclude name="**/?*.scala"/>
    <exclude name="**/?*.flex"/>
    <exclude name="**/?*.kt"/>
    <exclude name="**/?*.clj"/>
    <exclude name="**/?*.aj"/>
  </patternset>
  
  <!-- JDK definitions -->
  
  <property name="jdk.bin.11" value="${jdk.home.11}/bin"/>
  <path id="jdk.classpath.11">
    <fileset dir="${jdk.home.11}">
      <include name="../jbr!/java.base"/>
      <include name="../jbr!/java.compiler"/>
      <include name="../jbr!/java.datatransfer"/>
      <include name="../jbr!/java.desktop"/>
      <include name="../jbr!/java.instrument"/>
      <include name="../jbr!/java.logging"/>
      <include name="../jbr!/java.management"/>
      <include name="../jbr!/java.management.rmi"/>
      <include name="../jbr!/java.naming"/>
      <include name="../jbr!/java.net.http"/>
      <include name="../jbr!/java.prefs"/>
      <include name="../jbr!/java.rmi"/>
      <include name="../jbr!/java.scripting"/>
      <include name="../jbr!/java.se"/>
      <include name="../jbr!/java.security.jgss"/>
      <include name="../jbr!/java.security.sasl"/>
      <include name="../jbr!/java.smartcardio"/>
      <include name="../jbr!/java.sql"/>
      <include name="../jbr!/java.sql.rowset"/>
      <include name="../jbr!/java.transaction.xa"/>
      <include name="../jbr!/java.xml"/>
      <include name="../jbr!/java.xml.crypto"/>
      <include name="../jbr!/javafx.base"/>
      <include name="../jbr!/javafx.controls"/>
      <include name="../jbr!/javafx.fxml"/>
      <include name="../jbr!/javafx.graphics"/>
      <include name="../jbr!/javafx.media"/>
      <include name="../jbr!/javafx.swing"/>
      <include name="../jbr!/javafx.web"/>
      <include name="../jbr!/jdk.accessibility"/>
      <include name="../jbr!/jdk.aot"/>
      <include name="../jbr!/jdk.attach"/>
      <include name="../jbr!/jdk.charsets"/>
      <include name="../jbr!/jdk.compiler"/>
      <include name="../jbr!/jdk.crypto.cryptoki"/>
      <include name="../jbr!/jdk.crypto.ec"/>
      <include name="../jbr!/jdk.dynalink"/>
      <include name="../jbr!/jdk.hotspot.agent"/>
      <include name="../jbr!/jdk.httpserver"/>
      <include name="../jbr!/jdk.internal.ed"/>
      <include name="../jbr!/jdk.internal.jvmstat"/>
      <include name="../jbr!/jdk.internal.le"/>
      <include name="../jbr!/jdk.internal.vm.ci"/>
      <include name="../jbr!/jdk.internal.vm.compiler"/>
      <include name="../jbr!/jdk.internal.vm.compiler.management"/>
      <include name="../jbr!/jdk.jdi"/>
      <include name="../jbr!/jdk.jdwp.agent"/>
      <include name="../jbr!/jdk.jfr"/>
      <include name="../jbr!/jdk.jsobject"/>
      <include name="../jbr!/jdk.localedata"/>
      <include name="../jbr!/jdk.management"/>
      <include name="../jbr!/jdk.management.agent"/>
      <include name="../jbr!/jdk.management.jfr"/>
      <include name="../jbr!/jdk.naming.dns"/>
      <include name="../jbr!/jdk.naming.rmi"/>
      <include name="../jbr!/jdk.net"/>
      <include name="../jbr!/jdk.pack"/>
      <include name="../jbr!/jdk.scripting.nashorn"/>
      <include name="../jbr!/jdk.scripting.nashorn.shell"/>
      <include name="../jbr!/jdk.sctp"/>
      <include name="../jbr!/jdk.security.auth"/>
      <include name="../jbr!/jdk.security.jgss"/>
      <include name="../jbr!/jdk.unsupported"/>
      <include name="../jbr!/jdk.xml.dom"/>
      <include name="../jbr!/jdk.zipfs"/>
    </fileset>
  </path>
  
  <property name="project.jdk.home" value="${jdk.home.11}"/>
  <property name="project.jdk.bin" value="${jdk.bin.11}"/>
  <property name="project.jdk.classpath" value="jdk.classpath.11"/>
  
  
  <!-- Project Libraries -->
  
  <path id="library.gradle:_com.google.code.gson:gson:2.7.classpath">
    <pathelement location="${basedir}/../../.gradle/caches/modules-2/files-2.1/com.google.code.gson/gson/2.7/751f548c85fa49f330cecbb1875893f971b33c4e/gson-2.7.jar"/>
  </path>
  
  <path id="library.gradle:_com.googlecode.json-simple:json-simple:1.1.1.classpath">
    <pathelement location="${basedir}/../../.gradle/caches/modules-2/files-2.1/com.googlecode.json-simple/json-simple/1.1.1/c9ad4a0850ab676c5c64461a05ca524cdfff59f1/json-simple-1.1.1.jar"/>
  </path>
  
  <path id="library.gradle:_junit:junit:4.10.classpath">
    <pathelement location="${basedir}/../../.gradle/caches/modules-2/files-2.1/junit/junit/4.10/e4f1766ce7404a08f45d859fb9c226fc9e41a861/junit-4.10.jar"/>
  </path>
  
  <path id="library.gradle:_junit:junit:4.12.classpath">
    <pathelement location="${basedir}/../../.gradle/caches/modules-2/files-2.1/junit/junit/4.12/2973d150c0dc1fefe998f834810d68f278ea58ec/junit-4.12.jar"/>
  </path>
  
  <path id="library.gradle:_org.codehaus.jettison:jettison:1.3.5.classpath">
    <pathelement location="${basedir}/../../.gradle/caches/modules-2/files-2.1/org.codehaus.jettison/jettison/1.3.5/cdd210ae7fe10fd6bc3d9159142cb2a4da417020/jettison-1.3.5.jar"/>
  </path>
  
  <path id="library.gradle:_org.hamcrest:hamcrest-core:1.1.classpath">
    <pathelement location="${basedir}/../../.gradle/caches/modules-2/files-2.1/org.hamcrest/hamcrest-core/1.1/860340562250678d1a344907ac75754e259cdb14/hamcrest-core-1.1.jar"/>
  </path>
  
  <path id="library.gradle:_org.hamcrest:hamcrest-core:1.3.classpath">
    <pathelement location="${basedir}/../../.gradle/caches/modules-2/files-2.1/org.hamcrest/hamcrest-core/1.3/42a25dc3219429f0e5d060061f71acb49bf010a0/hamcrest-core-1.3.jar"/>
  </path>
  
  <path id="library.gradle:_stax:stax-api:1.0.1.classpath">
    <pathelement location="${basedir}/../../.gradle/caches/modules-2/files-2.1/stax/stax-api/1.0.1/49c100caf72d658aca8e58bd74a4ba90fa2b0d70/stax-api-1.0.1.jar"/>
  </path>
  
  
  <!-- Global Libraries -->
  <!-- Register Custom Compiler Taskdefs -->
  <property name="javac2.home" value="${idea.home}/lib"/>
  <path id="javac2.classpath">
    <fileset dir="${javac2.home}">
      <include name="javac2.jar"/>
      <include name="jdom.jar"/>
      <include name="asm-all*.jar"/>
      <include name="forms-*.jar"/>
    </fileset>
  </path>
  <target name="register.custom.compilers">
    <taskdef name="javac2" classname="com.intellij.ant.Javac2" classpathref="javac2.classpath"/>
    <taskdef name="instrumentIdeaExtensions" classname="com.intellij.ant.InstrumentIdeaExtensions" classpathref="javac2.classpath"/>
  </target>
  
  <!-- Modules -->
  
  <import file="${basedir}/.idea/modules/module_work.xml"/>
  
  <import file="${basedir}/.idea/modules/module_work.main.xml"/>
  
  <import file="${basedir}/.idea/modules/module_work.test.xml"/>
  
  <target name="init" description="Build initialization">
    <!-- Perform any build initialization in this target -->
  </target>
  
  <target name="clean" depends="clean.module.work, clean.module.work.main, clean.module.work.test" description="cleanup all"/>
  
  <target name="build.modules" depends="init, clean, compile.module.work, compile.module.work.main, compile.module.work.test" description="build all modules"/>
  
  <target name="all" depends="build.modules" description="build all"/>
</project>